<?xml version="1.0" encoding="UTF-8"?>
<configuration>
    <property name ="DATE_FORMAT" value="&quot;yyyy-MM-dd&apos;T&apos;HH:mm:ss,SSS&quot;" />
    <property name ="APP_HOME" value="${user.home}/app" />
    <property name ="LOG_FORMAT" value="%date{${DATE_FORMAT},UTC} [%thread] [%-5level] %logger %method [%line] - %msg%n" />

    <appender name="STDOUT" class="ch.qos.logback.core.ConsoleAppender">
        <encoder>
            <pattern>${LOG_FORMAT}</pattern>
        </encoder>
    </appender>

    <appender name="FILE" class="ch.qos.logback.core.rolling.RollingFileAppender">
        <file>logs/app.log</file>
        <encoder>
            <pattern>
                ${LOG_FORMAT}
            </pattern>
        </encoder>
        <rollingPolicy class="ch.qos.logback.core.rolling.TimeBasedRollingPolicy">
            <!-- rollover daily -->
            <fileNamePattern>logs/archive/app.%d{yyyy-MM-dd-HH-mm}.%i.log</fileNamePattern>
            <timeBasedFileNamingAndTriggeringPolicy class="ch.qos.logback.core.rolling.SizeAndTimeBasedFNATP">
                <maxFileSize>100MB</maxFileSize>
            </timeBasedFileNamingAndTriggeringPolicy>
        </rollingPolicy>
    </appender>

    <appender name="PROD_FILE" class="ch.qos.logback.core.rolling.RollingFileAppender">
        <file>${APP_HOME}/logs/app.log</file>
        <encoder>
            <pattern>
                ${LOG_FORMAT}
            </pattern>
        </encoder>
        <rollingPolicy class="ch.qos.logback.core.rolling.TimeBasedRollingPolicy">
            <!-- rollover daily -->
            <fileNamePattern>${APP_HOME}/logs/archive/app.%d{yyyy-MM-dd-HH-mm}.%i.log</fileNamePattern>
            <timeBasedFileNamingAndTriggeringPolicy class="ch.qos.logback.core.rolling.SizeAndTimeBasedFNATP">
                <maxFileSize>100MB</maxFileSize>
            </timeBasedFileNamingAndTriggeringPolicy>
            <maxHistory>10</maxHistory>
        </rollingPolicy>
    </appender>

    <springProfile name="local">
        <root level="INFO">
            <appender-ref ref="STDOUT" />
        </root>
    </springProfile>

    <springProfile name="prod,dev">
        <root level="INFO">
            <appender-ref ref="PROD_FILE" />
            <appender-ref ref="STDOUT" />
        </root>
    </springProfile>
</configuration>